idUsuario;alias;idzona;EsGBA;nombre;idprecio;idprogramacion;PrecioMotoboyHoraSemanaDiaZona;PrecioMotoboyHoraFindeDiaZona;PrecioMotoboyHora3SemanaNocheZona;PrecioMotoboyHora4SemanaNocheZona;PrecioMotoboyHora5SemanaNocheZona;PrecioMotoboyHora6SemanaNocheZona;PrecioMotoboyHora3FindeNocheZona;PrecioMotoboyHora4FindeNocheZona;PrecioMotoboyHora5FindeNocheZona;PrecioMotoboyHora6FindeNocheZona;QHora3SemanaDia;QHora4SemanaDia;QHora3FindeDia;QHora4FindeDia;QHora3SemanaNoche;QHora4SemanaNoche;QHora5SemanaNoche;QHora6SemanaNoche;QHora3FindeNoche;QHora4FindeNoche;QHora5FindeNoche;QHora6FindeNoche
5312;Sushi Club Cañitas;20;0;Colegiales - Palermo- Villa Crespo- Chacarita;75;NULL;3280;3280;4290;3995;3615;3455;5335;4965;4445;4315;3.000000;144.000000;51.000000;72.000000;222.000000;126.000000;0.000000;0.000000;81.000000;129.500000;0.000000;0.000000
5660;Sushi Club Barrio Norte;20;0;Colegiales - Palermo- Villa Crespo- Chacarita;75;NULL;3280;3280;4290;3995;3615;3455;5335;4965;4445;4315;0.000000;0.000000;0.000000;4.000000;212.500000;166.500000;0.000000;0.000000;179.000000;92.000000;0.000000;0.000000
7731;Sushi Club Caballito;161;0;Caballito/Flores/ Floresta;226;NULL;3305;3305;4110;3865;3455;3255;5105;4815;4375;4180;81.000000;189.000000;24.000000;104.000000;3.000000;320.000000;0.000000;0.000000;6.000000;104.000000;0.000000;0.000000
7786;Sushi Club Recoleta;23;0;"Recoleta- Barrio Norte- Centro ";78;NULL;3495;3495;4230;3910;3550;3275;5375;5060;4620;4345;0.000000;36.000000;0.000000;39.000000;0.000000;144.000000;81.000000;0.000000;3.000000;136.000000;0.000000;0.000000
7819;Sushi Club Puerto Madero;23;0;"Recoleta- Barrio Norte- Centro ";78;NULL;3495;3495;4230;3910;3550;3275;5375;5060;4620;4345;3.000000;104.000000;0.000000;4.000000;0.000000;288.000000;45.000000;0.000000;3.000000;80.000000;40.000000;0.000000
7900;Sushi Club Nordelta;207;1;Tigre/ Nordelta;1067;NULL;3350;3350;4825;4455;4190;3985;6105;5685;5235;4895;0.000000;0.000000;0.000000;0.000000;132.500000;376.000000;0.000000;0.000000;59.000000;314.500000;0.000000;0.000000
31425;Sushi Club Arcos;22;0;Belgrano- VillaUrquiza- Saavedra- Nuñez;77;NULL;3200;3200;4505;4175;3780;3650;5580;5200;4660;4520;0.000000;0.000000;6.000000;0.000000;225.000000;144.000000;0.000000;0.000000;213.000000;75.500000;0.000000;0.000000
32920;Sushi Club Pilar;208;1;Pilar;1072;NULL;3495;3495;4820;4470;4210;3940;6020;5635;5085;4905;0.000000;0.000000;0.000000;0.000000;0.000000;116.000000;0.000000;0.000000;0.000000;108.000000;0.000000;0.000000
